OrderID,RegionCode,Product,Quantity,UnitPrice,OrderDate
O00001,R06,Widget,1,12.5,2024-05-20
O00002,R02,Gadget,3,29.99,2024-02-22
O00003,R06,Widget,10,12.5,2024-08-04
O00004,R01,Widget,2,12.5,2024-04-21
O00005,R02,Widget,9,12.5,2024-04-11
O00006,R06,Cog,4,8.25,2024-08-17
O00007,R05,Sprocket,1,4.75,2024-03-22
O00008,R06,Cog,6,8.25,2024-05-22
O00009,R02,Gadget,6,29.99,2024-02-22
O00010,R01,Cog,2,8.25,2024-07-02
O00011,R03,Sprocket,1,4.75,2024-08-23
O00012,R05,Widget,7,12.5,2024-02-10
O00013,R05,Sprocket,10,4.75,2024-07-04
O00014,R05,Gadget,2,29.99,2024-01-24
O00015,R06,Gadget,5,29.99,2024-02-10
O00016,R02,Widget,7,12.5,2024-05-22
O00017,R04,Sprocket,3,4.75,2024-07-08
O00018,R03,Gadget,5,29.99,2024-12-25
O00019,R06,Widget,10,12.5,2024-11-21
O00020,R02,Gadget,3,29.99,2024-08-24
O00021,R04,Sprocket,9,4.75,2024-04-22
O00022,R06,Sprocket,1,4.75,2024-04-27
O00023,R01,Sprocket,7,4.75,2024-05-17
O00024,R01,Gadget,10,29.99,2024-06-10
O00025,R02,Cog,7,8.25,2024-11-25
O00026,R04,Gadget,5,29.99,2024-03-12
O00027,R02,Sprocket,10,4.75,2024-08-07
O00028,R05,Cog,6,8.25,2024-04-22
O00029,R02,Cog,2,8.25,2024-01-25
O00030,R01,Gadget,3,29.99,2024-12-14
O00031,R04,Widget,7,12.5,2024-07-14
O00032,R05,Cog,9,8.25,2024-05-08
O00033,R05,Widget,2,12.5,2024-12-15
O00034,R05,Sprocket,6,4.75,2024-02-27
O00035,R03,Cog,3,8.25,2024-08-20
O00036,R01,Sprocket,9,4.75,2024-04-01
O00037,R05,Widget,5,12.5,2024-11-23
O00038,R05,Gadget,3,29.99,2024-07-10
O00039,R02,Widget,10,12.5,2024-06-14
O00040,R04,Widget,2,12.5,2024-07-04
O00041,R03,Gadget,1,29.99,2024-05-03
O00042,R05,Widget,2,12.5,2024-09-05
O00043,R01,Gadget,3,29.99,2024-12-03
O00044,R04,Gadget,5,29.99,2024-09-27
O00045,R05,Cog,4,8.25,2024-10-03
O00046,R06,Gadget,5,29.99,2024-07-23
O00047,R06,Sprocket,8,4.75,2024-09-21
O00048,R04,Widget,4,12.5,2024-04-25
O00049,R01,Sprocket,1,4.75,2024-10-28
O00050,R05,Gadget,10,29.99,2024-04-22
O00051,R01,Widget,1,12.5,2024-04-27
O00052,R01,Widget,6,12.5,2024-02-06
O00053,R05,Gadget,5,29.99,2024-12-08
O00054,R04,Gadget,9,29.99,2024-03-08
O00055,R06,Cog,4,8.25,2024-08-30
O00056,R04,Gadget,2,29.99,2024-02-19
O00057,R06,Cog,6,8.25,2024-08-04
O00058,R04,Cog,1,8.25,2024-12-10
O00059,R06,Widget,1,12.5,2024-07-25
O00060,R06,Sprocket,2,4.75,2024-05-07
O00061,R02,Gadget,9,29.99,2024-08-17
O00062,R02,Cog,3,8.25,2024-05-22
O00063,R04,Gadget,2,29.99,2024-08-14
O00064,R05,Widget,1,12.5,2024-11-29
O00065,R05,Widget,2,12.5,2024-05-01
O00066,R02,Cog,8,8.25,2024-09-03
O00067,R02,Cog,1,8.25,2024-03-25
O00068,R04,Widget,7,12.5,2024-05-15
O00069,R04,Sprocket,7,4.75,2024-12-22
O00070,R06,Cog,3,8.25,2024-04-07
O00071,R03,Gadget,1,29.99,2024-10-23
O00072,R06,Widget,6,12.5,2024-01-30
O00073,R01,Cog,9,8.25,2024-09-28
O00074,R02,Widget,9,12.5,2024-02-11
O00075,R02,Widget,10,12.5,2024-02-04
O00076,R06,Gadget,7,29.99,2024-03-02
O00077,R05,Gadget,10,29.99,2024-10-31
O00078,R01,Widget,7,12.5,2024-12-02
O00079,R05,Sprocket,5,4.75,2024-04-14
O00080,R06,Sprocket,4,4.75,2024-05-15
O00081,R04,Gadget,5,29.99,2024-08-22
O00082,R03,Widget,1,12.5,2024-08-22
O00083,R05,Widget,2,12.5,2024-10-02
O00084,R02,Sprocket,3,4.75,2024-06-27
O00085,R01,Gadget,6,29.99,2024-05-25
O00086,R02,Cog,9,8.25,2024-12-26
O00087,R03,Widget,9,12.5,2024-06-02
O00088,R06,Widget,3,12.5,2024-05-15
O00089,R01,Widget,9,12.5,2024-03-20
O00090,R03,Sprocket,10,4.75,2024-04-17
O00091,R06,Sprocket,4,4.75,2024-12-17
O00092,R06,Sprocket,9,4.75,2024-09-07
O00093,R03,Widget,2,12.5,2024-11-20
O00094,R04,Sprocket,1,4.75,2024-01-02
O00095,R03,Gadget,5,29.99,2024-03-23
O00096,R06,Cog,9,8.25,2024-12-27
O00097,R04,Widget,2,12.5,2024-02-08
O00098,R06,Gadget,9,29.99,2024-01-19
O00099,R03,Gadget,7,29.99,2024-03-06
O00100,R01,Sprocket,6,4.75,2024-01-21
O00101,R03,Gadget,4,29.99,2024-12-07
O00102,R01,Sprocket,9,4.75,2024-07-27
O00103,R05,Gadget,4,29.99,2024-03-24
O00104,R02,Cog,1,8.25,2024-04-01
O00105,R06,Sprocket,7,4.75,2024-12-08
O00106,R06,Gadget,5,29.99,2024-03-22
O00107,R06,Widget,7,12.5,2024-01-20
O00108,R04,Gadget,4,29.99,2024-08-23
O00109,R03,Sprocket,4,4.75,2024-04-24
O00110,R01,Gadget,7,29.99,2024-06-17
O00111,R03,Widget,5,12.5,2024-06-28
O00112,R06,Cog,9,8.25,2024-06-18
O00113,R01,Widget,5,12.5,2024-04-01
O00114,R05,Sprocket,1,4.75,2024-02-25
O00115,R05,Cog,6,8.25,2024-06-09
O00116,R04,Widget,7,12.5,2024-10-22
O00117,R02,Sprocket,1,4.75,2024-12-28
O00118,R04,Widget,9,12.5,2024-10-02
O00119,R06,Gadget,6,29.99,2024-08-08
O00120,R01,Sprocket,10,4.75,2024-06-09
O00121,R06,Widget,5,12.5,2024-09-16
O00122,R03,Cog,6,8.25,2024-07-25
O00123,R06,Sprocket,9,4.75,2024-03-06
O00124,R02,Cog,7,8.25,2024-12-12
O00125,R06,Gadget,10,29.99,2024-10-18
O00126,R03,Cog,9,8.25,2024-01-01
O00127,R03,Sprocket,4,4.75,2024-08-08
O00128,R05,Sprocket,8,4.75,2024-08-14
O00129,R04,Gadget,9,29.99,2024-08-30
O00130,R06,Gadget,2,29.99,2024-05-25
O00131,R05,Sprocket,2,4.75,2024-04-30
O00132,R06,Sprocket,4,4.75,2024-04-11
O00133,R02,Widget,1,12.5,2024-05-05
O00134,R04,Widget,8,12.5,2024-07-31
O00135,R06,Gadget,7,29.99,2024-09-10
O00136,R04,Gadget,3,29.99,2024-12-01
O00137,R06,Widget,2,12.5,2024-08-05
O00138,R02,Gadget,9,29.99,2024-08-25
O00139,R01,Gadget,2,29.99,2024-08-21
O00140,R02,Cog,9,8.25,2024-10-13
O00141,R05,Sprocket,8,4.75,2024-11-09
O00142,R06,Cog,9,8.25,2024-08-16
O00143,R02,Cog,8,8.25,2024-05-12
O00144,R02,Sprocket,9,4.75,2024-09-05
O00145,R06,Gadget,5,29.99,2024-08-13
O00146,R01,Sprocket,4,4.75,2024-05-19
O00147,R03,Sprocket,9,4.75,2024-02-11
O00148,R02,Gadget,4,29.99,2024-07-15
O00149,R06,Gadget,4,29.99,2024-02-02
O00150,R04,Cog,6,8.25,2024-10-04
O00151,R04,Cog,1,8.25,2024-04-15
O00152,R04,Cog,10,8.25,2024-12-22
O00153,R01,Cog,8,8.25,2024-01-04
O00154,R03,Sprocket,7,4.75,2024-08-02
O00155,R05,Gadget,8,29.99,2024-04-22
O00156,R03,Cog,8,8.25,2024-01-15
O00157,R04,Sprocket,7,4.75,2024-03-25
O00158,R04,Gadget,10,29.99,2024-09-30
O00159,R01,Cog,10,8.25,2024-10-15
O00160,R06,Widget,2,12.5,2024-11-25
O00161,R04,Gadget,8,29.99,2024-04-03
O00162,R01,Sprocket,7,4.75,2024-06-16
O00163,R02,Cog,6,8.25,2024-06-21
O00164,R04,Sprocket,7,4.75,2024-05-09
O00165,R01,Cog,1,8.25,2024-10-03
O00166,R01,Sprocket,4,4.75,2024-11-28
O00167,R01,Widget,1,12.5,2024-05-06
O00168,R02,Widget,10,12.5,2024-03-19
O00169,R02,Gadget,8,29.99,2024-12-08
O00170,R01,Gadget,8,29.99,2024-12-24
O00171,R03,Sprocket,3,4.75,2024-11-06
O00172,R05,Widget,3,12.5,2024-06-08
O00173,R01,Widget,5,12.5,2024-10-21
O00174,R06,Cog,7,8.25,2024-04-11
O00175,R01,Gadget,2,29.99,2024-12-22
O00176,R03,Widget,10,12.5,2024-01-22
O00177,R03,Cog,6,8.25,2024-02-05
O00178,R05,Sprocket,1,4.75,2024-08-03
O00179,R04,Widget,7,12.5,2024-07-04
O00180,R06,Cog,3,8.25,2024-08-10
O00181,R02,Sprocket,10,4.75,2024-10-02
O00182,R04,Cog,7,8.25,2024-10-30
O00183,R03,Sprocket,4,4.75,2024-02-14
O00184,R03,Cog,4,8.25,2024-08-25
O00185,R05,Cog,6,8.25,2024-01-15
O00186,R04,Sprocket,3,4.75,2024-09-06
O00187,R02,Sprocket,5,4.75,2024-06-23
O00188,R03,Sprocket,9,4.75,2024-01-06
O00189,R05,Gadget,2,29.99,2024-05-03
O00190,R06,Cog,8,8.25,2024-10-11
O00191,R02,Cog,8,8.25,2024-08-17
O00192,R01,Widget,5,12.5,2024-04-23
O00193,R04,Gadget,5,29.99,2024-12-05
O00194,R05,Sprocket,8,4.75,2024-10-10
O00195,R05,Sprocket,7,4.75,2024-10-08
O00196,R03,Sprocket,8,4.75,2024-05-18
O00197,R03,Sprocket,4,4.75,2024-03-02
O00198,R06,Gadget,6,29.99,2024-03-02
O00199,R06,Gadget,4,29.99,2024-04-20
O00200,R06,Cog,5,8.25,2024-10-28
O00201,R05,Sprocket,2,4.75,2024-04-09
O00202,R03,Gadget,6,29.99,2024-04-01
O00203,R03,Widget,9,12.5,2024-03-05
O00204,R03,Widget,1,12.5,2024-10-10
O00205,R03,Gadget,8,29.99,2024-02-22
O00206,R01,Sprocket,8,4.75,2024-09-02
O00207,R04,Sprocket,3,4.75,2024-01-27
O00208,R03,Cog,2,8.25,2024-02-03
O00209,R04,Cog,2,8.25,2024-10-22
O00210,R06,Widget,3,12.5,2024-03-17
O00211,R05,Sprocket,2,4.75,2024-05-07
O00212,R01,Cog,10,8.25,2024-11-01
O00213,R05,Gadget,9,29.99,2024-07-13
O00214,R04,Cog,5,8.25,2024-10-28
O00215,R04,Sprocket,10,4.75,2024-11-13
O00216,R01,Widget,4,12.5,2024-11-16
O00217,R02,Sprocket,2,4.75,2024-03-21
O00218,R02,Gadget,9,29.99,2024-02-08
O00219,R02,Widget,7,12.5,2024-08-18
O00220,R06,Cog,5,8.25,2024-01-17
O00221,R02,Sprocket,5,4.75,2024-12-25
O00222,R04,Widget,4,12.5,2024-05-15
O00223,R06,Gadget,7,29.99,2024-02-28
O00224,R05,Gadget,3,29.99,2024-05-16
O00225,R02,Widget,1,12.5,2024-03-25
O00226,R03,Sprocket,8,4.75,2024-03-04
O00227,R04,Sprocket,7,4.75,2024-05-19
O00228,R05,Cog,8,8.25,2024-02-11
O00229,R05,Widget,7,12.5,2024-06-14
O00230,R05,Sprocket,1,4.75,2024-02-16
O00231,R02,Widget,5,12.5,2024-10-22
O00232,R01,Gadget,8,29.99,2024-09-22
O00233,R06,Cog,5,8.25,2024-04-02
O00234,R05,Cog,8,8.25,2024-02-16
O00235,R04,Sprocket,7,4.75,2024-06-19
O00236,R03,Widget,3,12.5,2024-06-17
O00237,R04,Cog,5,8.25,2024-12-05
O00238,R04,Widget,8,12.5,2024-02-15
O00239,R03,Sprocket,6,4.75,2024-02-29
O00240,R04,Widget,9,12.5,2024-08-24
O00241,R04,Widget,4,12.5,2024-09-22
O00242,R03,Cog,8,8.25,2024-01-27
O00243,R02,Sprocket,9,4.75,2024-03-08
O00244,R03,Cog,8,8.25,2024-03-03
O00245,R01,Gadget,3,29.99,2024-06-08
O00246,R05,Widget,9,12.5,2024-07-27
O00247,R01,Gadget,2,29.99,2024-08-24
O00248,R01,Gadget,8,29.99,2024-05-29
O00249,R05,Sprocket,7,4.75,2024-09-04
O00250,R04,Gadget,8,29.99,2024-10-09
O00251,R02,Cog,4,8.25,2024-11-02
O00252,R05,Gadget,2,29.99,2024-05-21
O00253,R04,Sprocket,9,4.75,2024-05-16
O00254,R01,Sprocket,5,4.75,2024-10-27
O00255,R05,Cog,3,8.25,2024-08-16
O00256,R05,Cog,6,8.25,2024-06-19
O00257,R05,Cog,8,8.25,2024-06-13
O00258,R02,Gadget,10,29.99,2024-07-15
O00259,R02,Cog,1,8.25,2024-06-11
O00260,R06,Cog,7,8.25,2024-07-16
O00261,R06,Gadget,8,29.99,2024-01-19
O00262,R02,Sprocket,2,4.75,2024-08-13
O00263,R01,Cog,1,8.25,2024-03-14
O00264,R04,Gadget,2,29.99,2024-08-28
O00265,R03,Sprocket,10,4.75,2024-12-20
O00266,R04,Widget,6,12.5,2024-12-11
O00267,R05,Cog,6,8.25,2024-11-16
O00268,R06,Cog,9,8.25,2024-01-19
O00269,R05,Widget,4,12.5,2024-11-19
O00270,R06,Sprocket,4,4.75,2024-02-16
O00271,R04,Widget,2,12.5,2024-08-15
O00272,R02,Sprocket,1,4.75,2024-01-24
O00273,R03,Widget,5,12.5,2024-07-02
O00274,R03,Cog,3,8.25,2024-05-05
O00275,R05,Cog,10,8.25,2024-12-15
O00276,R02,Gadget,3,29.99,2024-02-10
O00277,R05,Cog,10,8.25,2024-12-15
O00278,R02,Cog,10,8.25,2024-03-14
O00279,R02,Cog,5,8.25,2024-08-23
O00280,R03,Widget,8,12.5,2024-05-27
O00281,R06,Gadget,2,29.99,2024-08-14
O00282,R03,Sprocket,7,4.75,2024-12-19
O00283,R03,Cog,5,8.25,2024-04-11
O00284,R04,Cog,2,8.25,2024-05-01
O00285,R04,Sprocket,10,4.75,2024-05-31
O00286,R06,Sprocket,1,4.75,2024-12-03
O00287,R04,Sprocket,1,4.75,2024-10-16
O00288,R06,Widget,10,12.5,2024-09-11
O00289,R03,Gadget,10,29.99,2024-06-29
O00290,R02,Gadget,10,29.99,2024-05-08
O00291,R06,Gadget,2,29.99,2024-11-17
O00292,R06,Widget,5,12.5,2024-08-13
O00293,R01,Sprocket,3,4.75,2024-02-16
O00294,R03,Sprocket,7,4.75,2024-03-30
O00295,R02,Gadget,9,29.99,2024-07-06
O00296,R05,Sprocket,3,4.75,2024-05-11
O00297,R04,Sprocket,6,4.75,2024-02-28
O00298,R04,Widget,3,12.5,2024-04-25
O00299,R06,Cog,9,8.25,2024-07-06
O00300,R01,Cog,1,8.25,2024-05-15
O00301,R05,Widget,8,12.5,2024-07-07
O00302,R06,Sprocket,10,4.75,2024-07-14
O00303,R06,Sprocket,2,4.75,2024-12-11
O00304,R02,Cog,1,8.25,2024-11-13
O00305,R05,Sprocket,10,4.75,2024-04-23
O00306,R06,Widget,8,12.5,2024-12-24
O00307,R03,Cog,2,8.25,2024-03-12
O00308,R01,Widget,5,12.5,2024-09-09
O00309,R01,Widget,4,12.5,2024-10-02
O00310,R02,Cog,8,8.25,2024-07-08
O00311,R06,Cog,10,8.25,2024-03-20
O00312,R04,Widget,8,12.5,2024-11-11
O00313,R04,Sprocket,1,4.75,2024-12-19
O00314,R03,Gadget,8,29.99,2024-08-15
O00315,R02,Sprocket,2,4.75,2024-12-17
O00316,R03,Sprocket,1,4.75,2024-07-22
O00317,R03,Gadget,2,29.99,2024-08-20
O00318,R01,Gadget,10,29.99,2024-01-11
O00319,R01,Sprocket,4,4.75,2024-03-05
O00320,R05,Gadget,2,29.99,2024-10-10
O00321,R02,Gadget,4,29.99,2024-06-17
O00322,R02,Widget,5,12.5,2024-03-15
O00323,R02,Sprocket,3,4.75,2024-02-26
O00324,R06,Widget,3,12.5,2024-01-08
O00325,R03,Gadget,10,29.99,2024-06-14
O00326,R01,Gadget,5,29.99,2024-01-27
O00327,R02,Cog,9,8.25,2024-02-28
O00328,R06,Widget,8,12.5,2024-08-17
O00329,R03,Widget,8,12.5,2024-09-14
O00330,R02,Widget,9,12.5,2024-06-03
O00331,R04,Widget,1,12.5,2024-09-02
O00332,R04,Cog,2,8.25,2024-09-08
O00333,R06,Cog,2,8.25,2024-02-11
O00334,R03,Gadget,2,29.99,2024-03-05
O00335,R03,Sprocket,7,4.75,2024-11-01
O00336,R05,Sprocket,8,4.75,2024-09-15
O00337,R05,Cog,2,8.25,2024-12-25
O00338,R01,Gadget,7,29.99,2024-08-19
O00339,R02,Cog,6,8.25,2024-08-20
O00340,R04,Cog,2,8.25,2024-06-09
O00341,R04,Sprocket,5,4.75,2024-07-10
O00342,R02,Cog,2,8.25,2024-02-16
O00343,R01,Widget,7,12.5,2024-02-19
O00344,R06,Sprocket,3,4.75,2024-10-11
O00345,R01,Sprocket,2,4.75,2024-07-29
O00346,R03,Cog,1,8.25,2024-05-27
O00347,R05,Sprocket,6,4.75,2024-02-23
O00348,R05,Gadget,3,29.99,2024-12-02
O00349,R04,Gadget,2,29.99,2024-06-28
O00350,R05,Sprocket,2,4.75,2024-05-22
O00351,R05,Gadget,7,29.99,2024-10-14
O00352,R05,Widget,10,12.5,2024-12-02
O00353,R06,Sprocket,1,4.75,2024-04-02
O00354,R03,Sprocket,6,4.75,2024-06-28
O00355,R01,Gadget,3,29.99,2024-10-16
O00356,R06,Cog,2,8.25,2024-03-13
O00357,R06,Widget,2,12.5,2024-09-28
O00358,R02,Cog,7,8.25,2024-08-20
O00359,R03,Gadget,6,29.99,2024-06-08
O00360,R06,Sprocket,10,4.75,2024-11-01
O00361,R01,Widget,3,12.5,2024-03-21
O00362,R05,Widget,2,12.5,2024-05-19
O00363,R04,Cog,8,8.25,2024-11-06
O00364,R04,Cog,5,8.25,2024-04-20
O00365,R05,Widget,6,12.5,2024-08-08
O00366,R01,Sprocket,10,4.75,2024-09-06
O00367,R05,Sprocket,1,4.75,2024-04-22
O00368,R04,Widget,1,12.5,2024-04-14
O00369,R03,Gadget,3,29.99,2024-05-10
O00370,R03,Sprocket,2,4.75,2024-01-04
O00371,R04,Cog,3,8.25,2024-03-07
O00372,R04,Gadget,9,29.99,2024-10-13
O00373,R06,Sprocket,2,4.75,2024-07-22
O00374,R06,Widget,7,12.5,2024-01-10
O00375,R04,Widget,6,12.5,2024-10-21
O00376,R04,Cog,7,8.25,2024-05-28
O00377,R01,Cog,1,8.25,2024-06-15
O00378,R02,Cog,6,8.25,2024-02-15
O00379,R04,Widget,4,12.5,2024-08-11
O00380,R05,Cog,9,8.25,2024-02-10
O00381,R04,Sprocket,6,4.75,2024-04-23
O00382,R03,Gadget,2,29.99,2024-09-18
O00383,R06,Widget,9,12.5,2024-09-18
O00384,R02,Sprocket,6,4.75,2024-11-26
O00385,R02,Gadget,2,29.99,2024-03-15
O00386,R03,Gadget,3,29.99,2024-11-04
O00387,R02,Widget,3,12.5,2024-11-17
O00388,R04,Cog,10,8.25,2024-10-23
O00389,R04,Sprocket,6,4.75,2024-03-18
O00390,R04,Widget,8,12.5,2024-08-14
O00391,R06,Sprocket,5,4.75,2024-10-29
O00392,R01,Sprocket,9,4.75,2024-02-07
O00393,R03,Cog,8,8.25,2024-01-20
O00394,R01,Sprocket,5,4.75,2024-02-09
O00395,R06,Widget,10,12.5,2024-10-31
O00396,R05,Cog,8,8.25,2024-10-24
O00397,R05,Widget,8,12.5,2024-10-19
O00398,R06,Gadget,6,29.99,2024-11-05
O00399,R04,Gadget,1,29.99,2024-08-18
O00400,R01,Sprocket,2,4.75,2024-09-15
O00401,R06,Gadget,1,29.99,2024-05-06
O00402,R06,Cog,8,8.25,2024-09-25
O00403,R05,Gadget,6,29.99,2024-07-09
O00404,R03,Cog,7,8.25,2024-06-22
O00405,R06,Widget,6,12.5,2024-02-03
O00406,R03,Widget,9,12.5,2024-12-13
O00407,R04,Sprocket,5,4.75,2024-12-02
O00408,R05,Gadget,6,29.99,2024-02-11
O00409,R05,Gadget,6,29.99,2024-06-07
O00410,R06,Cog,3,8.25,2024-10-31
O00411,R06,Widget,5,12.5,2024-10-13
O00412,R04,Sprocket,3,4.75,2024-12-09
O00413,R06,Widget,7,12.5,2024-09-17
O00414,R03,Widget,6,12.5,2024-06-07
O00415,R02,Gadget,6,29.99,2024-09-05
O00416,R02,Gadget,3,29.99,2024-03-20
O00417,R01,Sprocket,2,4.75,2024-09-16
O00418,R05,Widget,6,12.5,2024-11-12
O00419,R02,Cog,3,8.25,2024-03-24
O00420,R02,Gadget,8,29.99,2024-01-23
O00421,R04,Sprocket,4,4.75,2024-08-15
O00422,R05,Sprocket,8,4.75,2024-04-29
O00423,R05,Gadget,5,29.99,2024-08-28
O00424,R02,Sprocket,10,4.75,2024-08-13
O00425,R04,Sprocket,7,4.75,2024-09-14
O00426,R05,Cog,3,8.25,2024-04-12
O00427,R05,Gadget,5,29.99,2024-01-27
O00428,R06,Cog,6,8.25,2024-10-10
O00429,R01,Widget,5,12.5,2024-02-12
O00430,R02,Sprocket,8,4.75,2024-09-19
O00431,R02,Cog,2,8.25,2024-04-23
O00432,R04,Sprocket,1,4.75,2024-07-31
O00433,R01,Cog,9,8.25,2024-07-10
O00434,R02,Cog,2,8.25,2024-07-10
O00435,R02,Widget,6,12.5,2024-02-20
O00436,R06,Sprocket,3,4.75,2024-03-11
O00437,R01,Sprocket,8,4.75,2024-12-22
O00438,R02,Cog,8,8.25,2024-11-11
O00439,R01,Widget,1,12.5,2024-05-11
O00440,R02,Gadget,9,29.99,2024-11-07
O00441,R05,Cog,2,8.25,2024-05-27
O00442,R02,Sprocket,2,4.75,2024-01-25
O00443,R02,Cog,10,8.25,2024-08-22
O00444,R01,Widget,8,12.5,2024-11-01
O00445,R05,Widget,9,12.5,2024-10-21
O00446,R02,Gadget,5,29.99,2024-08-07
O00447,R01,Sprocket,4,4.75,2024-10-19
O00448,R04,Gadget,2,29.99,2024-09-25
O00449,R03,Widget,9,12.5,2024-10-05
O00450,R05,Widget,7,12.5,2024-08-28
O00451,R01,Cog,6,8.25,2024-05-09
O00452,R06,Widget,6,12.5,2024-02-04
O00453,R03,Gadget,2,29.99,2024-10-24
O00454,R06,Sprocket,3,4.75,2024-01-23
O00455,R03,Sprocket,3,4.75,2024-12-16
O00456,R04,Cog,3,8.25,2024-03-10
O00457,R01,Cog,1,8.25,2024-05-30
O00458,R02,Widget,4,12.5,2024-01-22
O00459,R03,Sprocket,9,4.75,2024-07-22
O00460,R05,Cog,5,8.25,2024-01-19
O00461,R06,Gadget,5,29.99,2024-07-01
O00462,R01,Sprocket,5,4.75,2024-03-04
O00463,R03,Cog,7,8.25,2024-08-13
O00464,R04,Sprocket,3,4.75,2024-09-11
O00465,R06,Cog,6,8.25,2024-09-22
O00466,R03,Widget,7,12.5,2024-02-10
O00467,R04,Gadget,9,29.99,2024-05-30
O00468,R03,Widget,2,12.5,2024-06-16
O00469,R06,Sprocket,5,4.75,2024-08-16
O00470,R05,Cog,3,8.25,2024-12-19
O00471,R04,Sprocket,8,4.75,2024-01-22
O00472,R06,Sprocket,10,4.75,2024-08-10
O00473,R03,Widget,2,12.5,2024-12-09
O00474,R06,Cog,6,8.25,2024-09-19
O00475,R06,Gadget,1,29.99,2024-03-14
O00476,R05,Cog,1,8.25,2024-03-05
O00477,R01,Gadget,6,29.99,2024-07-04
O00478,R04,Widget,10,12.5,2024-03-19
O00479,R06,Cog,6,8.25,2024-07-09
O00480,R04,Widget,10,12.5,2024-03-11
O00481,R05,Sprocket,7,4.75,2024-06-09
O00482,R06,Sprocket,4,4.75,2024-02-28
O00483,R01,Gadget,8,29.99,2024-09-22
O00484,R04,Widget,5,12.5,2024-05-13
O00485,R06,Cog,4,8.25,2024-11-09
O00486,R03,Cog,4,8.25,2024-03-03
O00487,R02,Widget,8,12.5,2024-03-29
O00488,R06,Cog,2,8.25,2024-12-15
O00489,R03,Sprocket,2,4.75,2024-10-08
O00490,R05,Sprocket,5,4.75,2024-03-21
O00491,R06,Gadget,6,29.99,2024-09-17
O00492,R02,Widget,4,12.5,2024-03-12
O00493,R02,Cog,1,8.25,2024-07-03
O00494,R05,Sprocket,8,4.75,2024-10-09
O00495,R02,Widget,2,12.5,2024-06-07
O00496,R04,Cog,9,8.25,2024-07-29
O00497,R04,Widget,3,12.5,2024-06-11
O00498,R06,Widget,8,12.5,2024-08-26
O00499,R06,Sprocket,3,4.75,2024-10-09
O00500,R06,Gadget,3,29.99,2024-08-09
